{"loss":{"0":9.380068779,"1":9.8236818314,"2":9.0661077499,"3":7.2739396095,"4":7.4699172974,"5":7.1807951927,"6":6.4623541832,"7":7.1217474937,"8":7.4866943359,"9":6.7803483009},"accuracy":{"0":0.0,"1":0.0,"2":0.0,"3":0.010416667,"4":0.0,"5":0.0,"6":0.010416667,"7":0.010416667,"8":0.010416667,"9":0.010416667},"sparse_top_k_categorical_accuracy":{"0":0.020833334,"1":0.03125,"2":0.020833334,"3":0.03125,"4":0.03125,"5":0.0520833321,"6":0.03125,"7":0.03125,"8":0.010416667,"9":0.03125},"val_loss":{"0":248.7395324707,"1":6339.962890625,"2":56538.03125,"3":108240.3046875,"4":59073.2578125,"5":34840.171875,"6":92492.8828125,"7":83568.28125,"8":21231.12109375,"9":922.8253173828},"val_accuracy":{"0":0.0,"1":0.0,"2":0.0,"3":0.0,"4":0.0,"5":0.0,"6":0.0,"7":0.0,"8":0.0,"9":0.0},"val_sparse_top_k_categorical_accuracy":{"0":0.0,"1":1.0,"2":1.0,"3":1.0,"4":1.0,"5":1.0,"6":1.0,"7":1.0,"8":1.0,"9":0.875}}