{"loss":{"0":0.873129189,"1":0.5188096166,"2":0.939602077,"3":1.2912412882,"4":0.7144135833,"5":0.782283783,"6":0.6312229037,"7":0.3238846362,"8":0.5947206616,"9":0.3401062191},"accuracy":{"0":0.8958333135,"1":0.9270833135,"2":0.9090909362,"3":0.78125,"4":0.84375,"5":0.8125,"6":0.84375,"7":0.875,"8":0.90625,"9":0.8854166865},"sparse_top_k_categorical_accuracy":{"0":0.9791666865,"1":1.0,"2":0.9886363745,"3":0.9791666865,"4":1.0,"5":0.9895833135,"6":0.9895833135,"7":1.0,"8":0.9895833135,"9":1.0},"val_loss":{"0":225.4338378906,"1":202.1449279785,"2":822.0003051758,"3":17766.171875,"4":9907.4716796875,"5":3544.9799804688,"6":8375.509765625,"7":5044.53515625,"8":2027.0854492188,"9":1490.9992675781},"val_accuracy":{"0":0.0,"1":0.0,"2":0.0,"3":0.0,"4":0.0,"5":0.0,"6":0.0,"7":0.0,"8":0.0,"9":0.0},"val_sparse_top_k_categorical_accuracy":{"0":0.9375,"1":0.78125,"2":1.0,"3":1.0,"4":1.0,"5":1.0,"6":1.0,"7":1.0,"8":1.0,"9":1.0}}