{"loss":{"0":10.7351427078,"1":5.5655112267,"2":2.2993242741,"3":1.3961855173,"4":1.3078728914,"5":1.3012987375,"6":0.8485944867,"7":0.4222522676,"8":0.2183988243,"9":0.2592688203},"accuracy":{"0":0.0,"1":0.09375,"2":0.4479166567,"3":0.7083333135,"4":0.71875,"5":0.7083333135,"6":0.78125,"7":0.8958333135,"8":0.96875,"9":0.9166666865},"sparse_top_k_categorical_accuracy":{"0":0.010416667,"1":0.25,"2":0.8229166865,"3":0.90625,"4":0.9166666865,"5":0.9583333135,"6":0.9791666865,"7":1.0,"8":1.0,"9":1.0}}